{
  "materials" : 
  [
    { "file" : "./json/space-station/Glass-fx.json", "start" : 0 }
  ],
  "indices" : [0, 1, 2, 2, 1, 3],
  "vertexPositions" : [[-2.384508, -3.71098, -4.717457, 6.959912, -3.71098, -4.717457, -2.384508, 0.0928607, -4.717457, 6.959912, 0.0928607, -4.717457]],
  "vertexNormals" : [[0, 0, 1, 0, 0, 1, 0, 0, 1, 0, 0, 1]],
  "vertexTextureCoords" : [[0.8945675, 0.09695004, 0.9826846, 0.09695004, 0.8945675, 0.1328199, 0.9826846, 0.1328199]]
}