{
  "materials" : 
  [
    { "file" : "./json/space-station/lambert5-fx.json", "start" : 0 }
  ],
  "indices" : [0, 1, 2, 2, 1, 3, 4, 5, 6, 6, 5, 7, 8, 9, 10, 10, 9, 11, 12, 13, 14, 14, 13, 15, 16, 17, 18, 18, 17, 19, 20, 21, 22, 22, 21, 23, 24, 25, 26, 26, 25, 27, 28, 29, 30, 30, 29, 31, 32, 33, 34, 34, 33, 35, 36, 37, 38, 38, 37, 39, 40, 41, 42, 42, 41, 43, 44, 45, 46, 46, 45, 47, 48, 49, 50, 50, 49, 51, 52, 53, 54, 54, 53, 55, 56, 57, 58, 58, 57, 59, 60, 61, 62, 62, 61, 63, 64, 65, 66, 66, 65, 67, 68, 69, 70, 70, 69, 71, 72, 73, 74, 74, 73, 75, 76, 77, 78, 78, 77, 79, 80, 81, 82, 82, 81, 83, 84, 85, 86, 86, 85, 87, 88, 89, 90, 90, 89, 91, 92, 93, 94, 94, 93, 95, 96, 97, 98, 98, 97, 99, 100, 101, 102, 102, 101, 103, 104, 105, 106, 106, 105, 107, 108, 109, 110, 110, 109, 111, 112, 113, 114, 114, 113, 115, 116, 117, 118, 118, 117, 119, 120, 121, 122, 122, 121, 123, 124, 125, 126, 126, 125, 127, 128, 129, 130, 130, 129, 131, 132, 133, 134, 134, 133, 135, 136, 137, 138, 138, 137, 139, 140, 141, 142, 142, 141, 143, 144, 145, 146, 146, 145, 147, 148, 149, 150, 150, 149, 151, 152, 153, 154, 154, 153, 155, 156, 157, 158, 158, 157, 159, 160, 161, 162, 162, 161, 163, 164, 165, 166, 166, 165, 167],
  "vertexPositions" : [[1.460896, -4.182009, 25.06755, 1.460896, -4.112257, 25.06755, 1.460896, -4.182009, 25.22867, 1.460896, -4.112257, 25.22867, 1.460896, -4.182009, 8.036226, 1.460896, -4.112257, 8.036226, 1.460896, -4.182009, 8.197346, 1.460896, -4.112257, 8.197346, 1.460896, -4.182009, 9.022318, 1.460896, -4.112257, 9.022318, 1.460896, -4.182009, 9.183437, 1.460896, -4.112257, 9.183437, 1.460896, -4.182009, 14.0266, 1.460896, -4.112257, 14.0266, 1.460896, -4.182009, 14.18772, 1.460896, -4.112257, 14.18772, 1.460896, -4.182009, 13.04051, 1.460896, -4.112257, 13.04051, 1.460896, -4.182009, 13.20163, 1.460896, -4.112257, 13.20163, 1.460896, -4.182009, 12.02797, 1.460896, -4.112257, 12.02797, 1.460896, -4.182009, 12.18909, 1.460896, -4.112257, 12.18909, 1.460896, -4.182009, 11.02657, 1.460896, -4.112257, 11.02657, 1.460896, -4.182009, 11.18769, 1.460896, -4.112257, 11.18769, 1.460896, -4.182009, 10.03553, 1.460896, -4.112257, 10.03553, 1.460896, -4.182009, 10.19665, 1.460896, -4.112257, 10.19665, 1.460896, -4.182009, 19.03277, 1.460896, -4.112257, 19.03277, 1.460896, -4.182009, 19.19389, 1.460896, -4.112257, 19.19389, 1.460896, -4.182009, 18.04668, 1.460896, -4.112257, 18.04668, 1.460896, -4.182009, 18.2078, 1.460896, -4.112257, 18.2078, 1.460896, -4.182009, 17.03414, 1.460896, -4.112257, 17.03414, 1.460896, -4.182009, 17.19526, 1.460896, -4.112257, 17.19526, 1.460896, -4.182009, 16.03274, 1.460896, -4.112257, 16.03274, 1.460896, -4.182009, 16.19386, 1.460896, -4.112257, 16.19386, 1.460896, -4.182009, 15.04171, 1.460896, -4.112257, 15.04171, 1.460896, -4.182009, 15.20283, 1.460896, -4.112257, 15.20283, 1.460896, -4.182009, 24.03003, 1.460896, -4.112257, 24.03003, 1.460896, -4.182009, 24.19115, 1.460896, -4.112257, 24.19115, 1.460896, -4.182009, 23.04394, 1.460896, -4.112257, 23.04394, 1.460896, -4.182009, 23.20506, 1.460896, -4.112257, 23.20506, 1.460896, -4.182009, 22.0314, 1.460896, -4.112257, 22.0314, 1.460896, -4.182009, 22.19252, 1.460896, -4.112257, 22.19252, 1.460896, -4.182009, 21.03, 1.460896, -4.112257, 21.03, 1.460896, -4.182009, 21.19112, 1.460896, -4.112257, 21.19112, 1.460896, -4.182009, 20.03896, 1.460896, -4.112257, 20.03896, 1.460896, -4.182009, 20.20008, 1.460896, -4.112257, 20.20008, 3.114508, -4.182009, 25.06755, 3.114508, -4.182009, 25.22867, 3.114508, -4.112257, 25.06755, 3.114508, -4.112257, 25.22867, 3.114508, -4.182009, 5.03125, 3.114508, -4.182009, 5.192369, 3.114508, -4.112257, 5.03125, 3.114508, -4.112257, 5.192369, 3.114508, -4.182009, 6.022285, 3.114508, -4.182009, 6.183405, 3.114508, -4.112257, 6.022285, 3.114508, -4.112257, 6.183405, 3.114508, -4.182009, 7.023688, 3.114508, -4.182009, 7.184808, 3.114508, -4.112257, 7.023688, 3.114508, -4.112257, 7.184808, 3.114508, -4.182009, 8.036226, 3.114508, -4.182009, 8.197346, 3.114508, -4.112257, 8.036226, 3.114508, -4.112257, 8.197346, 3.114508, -4.182009, 9.022318, 3.114508, -4.182009, 9.183437, 3.114508, -4.112257, 9.022318, 3.114508, -4.112257, 9.183437, 3.114508, -4.182009, 14.0266, 3.114508, -4.182009, 14.18772, 3.114508, -4.112257, 14.0266, 3.114508, -4.112257, 14.18772, 3.114508, -4.182009, 13.04051, 3.114508, -4.182009, 13.20163, 3.114508, -4.112257, 13.04051, 3.114508, -4.112257, 13.20163, 3.114508, -4.182009, 12.02797, 3.114508, -4.182009, 12.18909, 3.114508, -4.112257, 12.02797, 3.114508, -4.112257, 12.18909, 3.114508, -4.182009, 11.02657, 3.114508, -4.182009, 11.18769, 3.114508, -4.112257, 11.02657, 3.114508, -4.112257, 11.18769, 3.114508, -4.182009, 10.03553, 3.114508, -4.182009, 10.19665, 3.114508, -4.112257, 10.03553, 3.114508, -4.112257, 10.19665, 3.114508, -4.182009, 19.03277, 3.114508, -4.182009, 19.19389, 3.114508, -4.112257, 19.03277, 3.114508, -4.112257, 19.19389, 3.114508, -4.182009, 18.04668, 3.114508, -4.182009, 18.2078, 3.114508, -4.112257, 18.04668, 3.114508, -4.112257, 18.2078, 3.114508, -4.182009, 17.03414, 3.114508, -4.182009, 17.19526, 3.114508, -4.112257, 17.03414, 3.114508, -4.112257, 17.19526, 3.114508, -4.182009, 16.03274, 3.114508, -4.182009, 16.19386, 3.114508, -4.112257, 16.03274, 3.114508, -4.112257, 16.19386, 3.114508, -4.182009, 15.04171, 3.114508, -4.182009, 15.20283, 3.114508, -4.112257, 15.04171, 3.114508, -4.112257, 15.20283, 3.114508, -4.182009, 24.03003, 3.114508, -4.182009, 24.19115, 3.114508, -4.112257, 24.03003, 3.114508, -4.112257, 24.19115, 3.114508, -4.182009, 23.04394, 3.114508, -4.182009, 23.20506, 3.114508, -4.112257, 23.04394, 3.114508, -4.112257, 23.20506, 3.114508, -4.182009, 22.0314, 3.114508, -4.182009, 22.19252, 3.114508, -4.112257, 22.0314, 3.114508, -4.112257, 22.19252, 3.114508, -4.182009, 21.03, 3.114508, -4.182009, 21.19112, 3.114508, -4.112257, 21.03, 3.114508, -4.112257, 21.19112, 3.114508, -4.182009, 20.03896, 3.114508, -4.182009, 20.20008, 3.114508, -4.112257, 20.03896, 3.114508, -4.112257, 20.20008, 1.460896, -4.182009, 5.03125, 1.460896, -4.112257, 5.03125, 1.460896, -4.182009, 5.192369, 1.460896, -4.112257, 5.192369, 1.460896, -4.182009, 6.022285, 1.460896, -4.112257, 6.022285, 1.460896, -4.182009, 6.183405, 1.460896, -4.112257, 6.183405, 1.460896, -4.182009, 7.023688, 1.460896, -4.112257, 7.023688, 1.460896, -4.182009, 7.184808, 1.460896, -4.112257, 7.184808]],