{
  "materials" : 
  [
    { "file" : "./json/space-station/lambert3-fx.json", "start" : 0 },
    { "file" : "./json/space-station/lambert4-fx.json", "start" : 18 }
  ],
  "indices" : [0, 1, 2, 2, 1, 3, 4, 5, 6, 6, 5, 7, 8, 9, 10, 10, 9, 11, 12, 13, 14, 14, 13, 15, 16, 17, 18, 18, 17, 19, 20, 21, 22, 22, 21, 23, 24, 25, 26, 26, 25, 27, 28, 29, 30, 30, 29, 31, 32, 33, 34, 34, 33, 35],
  "vertexPositions" : [[1.906814, -3.187415, 0.1506599, 2.671925, -3.187415, 0.1467893, 1.905063, -2.840739, -0.1960027, 2.670162, -2.840739, -0.1998782, 1.906814, -3.187415, 0.1506599, 1.905063, -2.840739, -0.1960027, 1.897122, -3.180584, 0.1438818, 1.895433, -2.847569, -0.1891298, 2.670162, -2.840739, -0.1998782, 2.671925, -3.187415, 0.1467893, 2.67986, -2.847569, -0.1931038, 2.681548, -3.180584, 0.139909, 2.931151, -3.187415, 0.2289732, 3.589922, -3.187415, 0.6181132, 3.107468, -2.840739, -0.06950688, 3.766232, -2.840739, 0.3196231, 2.931151, -3.187415, 0.2289732, 3.107468, -2.840739, -0.06950688, 2.926308, -3.180584, 0.2181832, 3.095676, -2.847569, -0.06854689, 3.766232, -2.840739, 0.3196231, 3.589922, -3.187415, 0.6181132, 3.771082, -2.847569, 0.3304131, 3.601712, -3.180584, 0.6171432, 0.9665956, -3.187415, 0.6133391, 1.632879, -3.187415, 0.2372069, 0.7961769, -2.840739, 0.3114526, 1.462448, -2.840739, -0.06467855, 0.9665956, -3.187415, 0.6133391, 0.7961769, -2.840739, 0.3114526, 0.9548293, -3.180584, 0.6121416, 0.7911153, -2.847569, 0.3221462, 1.462448, -2.840739, -0.06467855, 1.632879, -3.187415, 0.2372069, 1.474218, -2.847569, -0.06348705, 1.637931, -3.180584, 0.22651]],
  "vertexNormals" : [[0.003579446, 0.7071003, 0.7071043, 0.003579446, 0.7071003, 0.7071043, 0.003579446, 0.7071003, 0.7071043, 0.003579446, 0.7071003, 0.7071043, 0.00349437, 0.7070951, 0.7071099, 0.00349437, 0.7070951, 0.7071099, 0.00349437, 0.7070951, 0.7071099, 0.00349437, 0.7070951, 0.7071099, 0.003847745, 0.7071114, 0.7070917, 0.003847745, 0.7071114, 0.7070917, 0.003847745, 0.7071114, 0.7070917, 0.003847745, 0.7071114, 0.7070917, -0.3596357, 0.7071, 0.6088282, -0.3596357, 0.7071, 0.6088282, -0.3596357, 0.7071, 0.6088282, -0.3596357, 0.7071, 0.6088282, -0.359713, 0.7071022, 0.60878, -0.359713, 0.7071022, 0.60878, -0.359713, 0.7071022, 0.60878, -0.359713, 0.7071022, 0.60878, -0.3594113, 0.7071025, 0.6089578, -0.3594113, 0.7071025, 0.6089578, -0.3594113, 0.7071025, 0.6089578, -0.3594113, 0.7071025, 0.6089578, 0.3476182, 0.7071, 0.6157688, 0.3476182, 0.7071, 0.6157688, 0.3476182, 0.7071, 0.6157688, 0.3476182, 0.7071, 0.6157688, 0.3475367, 0.7071053, 0.6158088, 0.3475367, 0.7071053, 0.6158088, 0.3475367, 0.7071053, 0.6158088, 0.3475367, 0.7071053, 0.6158088, 0.34785, 0.7071066, 0.6156303, 0.34785, 0.7071066, 0.6156303, 0.34785, 0.7071066, 0.6156303, 0.34785, 0.7071066, 0.6156303]],
  "vertexTextureCoords" : [[0.1056781, 0.002170593, 0.9005729, 0.002176166, 0.1056762, 0.9964889, 0.900573, 0.9964888, 0.1056781, 0.002170593, 0.1056762, 0.9964889, 0.09563959, 0.02176693, 0.09563959, 0.9768965, 0.900573, 0.9964888, 0.9005729, 0.002176166, 0.9106193, 0.9768965, 0.9106154, 0.02176327, 0.1056781, 0.002170593, 0.9005729, 0.002176166, 0.1056762, 0.9964889, 0.900573, 0.9964888, 0.1056781, 0.002170593, 0.1056762, 0.9964889, 0.09563959, 0.02176693, 0.09563959, 0.9768965, 0.900573, 0.9964888, 0.9005729, 0.002176166, 0.9106193, 0.9768965, 0.9106154, 0.02176327, 0.1056781, 0.002170593, 0.9005729, 0.002176166, 0.1056762, 0.9964889, 0.900573, 0.9964888, 0.1056781, 0.002170593, 0.1056762, 0.9964889, 0.09563959, 0.02176693, 0.09563959, 0.9768965, 0.900573, 0.9964888, 0.9005729, 0.002176166, 0.9106193, 0.9768965, 0.9106154, 0.02176327]]
}