{
  "materials" : 
  [
    { "file" : "./json/space-station/customPillar-fx.json", "start" : 0 }
  ],
  "indices" : [0, 1, 2, 2, 1, 3, 4, 0, 5, 5, 0, 2, 6, 4, 7, 7, 4, 5, 8, 6, 9, 9, 6, 7, 10, 8, 11, 11, 8, 9, 12, 10, 13, 13, 10, 11, 14, 12, 15, 15, 12, 13, 16, 14, 17, 17, 14, 15, 18, 16, 19, 19, 16, 17, 20, 18, 21, 21, 18, 19, 22, 20, 23, 23, 20, 21, 24, 22, 25, 25, 22, 23, 26, 24, 27, 27, 24, 25, 28, 29, 30, 30, 29, 31, 32, 28, 33, 33, 28, 30, 1, 32, 3, 3, 32, 33],
  "vertexPositions" : [[5.021642, -1.639709, 1.798019, 5.084072, -1.639709, 1.704592, 5.021642, -3.308047, 1.798019, 5.084072, -3.308047, 1.704592, 4.999722, -1.639709, 1.908223, 4.999722, -3.308047, 1.908223, 5.021642, -1.639709, 2.018428, 5.021642, -3.308047, 2.018428, 5.084072, -1.639709, 2.111854, 5.084072, -3.308047, 2.111854, 5.177503, -1.639709, 2.17428, 5.177503, -3.308047, 2.17428, 5.287703, -1.639709, 2.196201, 5.287703, -3.308047, 2.196201, 5.397912, -1.639709, 2.17428, 5.397912, -3.308047, 2.17428, 5.491332, -1.639709, 2.111854, 5.491332, -3.308047, 2.111854, 5.553762, -1.639709, 2.018427, 5.553762, -3.308047, 2.018427, 5.575683, -1.639709, 1.908223, 5.575683, -3.308047, 1.908223, 5.553762, -1.639709, 1.798019, 5.553762, -3.308047, 1.798019, 5.491332, -1.639709, 1.704592, 5.491332, -3.308047, 1.704592, 5.397902, -1.639709, 1.642166, 5.397902, -3.308047, 1.642166, 5.287703, -1.639709, 1.620245, 5.397902, -1.639709, 1.642166, 5.287703, -3.308047, 1.620245, 5.397902, -3.308047, 1.642166, 5.177503, -1.639709, 1.642166, 5.177503, -3.308047, 1.642166]],
  "vertexNormals" : [[-0.923876, 0, -0.3826922, -0.7070904, 0, -0.707123, -0.923876, 0, -0.3826922, -0.7070904, 0, -0.707123, -1, 0, 0, -1, 0, 0, -0.9238753, 0, 0.3826936, -0.9238753, 0, 0.3826936, -0.7070887, 0, 0.7071249, -0.7070887, 0, 0.7071249, -0.3826789, 0, 0.9238814, -0.3826789, 0, 0.9238814, 0, 0, 1, 0, 0, 1, 0.3826952, 0, 0.9238747, 0.3826952, 0, 0.9238747, 0.7071075, 0, 0.707106, 0.7071075, 0, 0.707106, 0.9238744, 0, 0.3826957, 0.9238744, 0, 0.3826957, 1, 0, 0, 1, 0, 0, 0.9238744, 0, -0.3826957, 0.9238744, 0, -0.3826957, 0.7070909, 0, -0.7071227, 0.7070909, 0, -0.7071227, 0.3826811, 0, -0.9238805, 0.3826811, 0, -0.9238805, 0, 0, -1, 0.3826811, 0, -0.9238805, 0, 0, -1, 0.3826811, 0, -0.9238805, -0.3826789, 0, -0.9238814, -0.3826789, 0, -0.9238814]],
  "vertexTextureCoords" : [[0.9796766, 0.05880089, 0.9796793, 0.06261572, 0.923061, 0.0588016, 0.923063, 0.06261338, 0.9796783, 0.0549894, 0.9230621, 0.05498862, 0.9796804, 0.05117643, 0.923063, 0.05117643, 0.9796773, 0.04736217, 0.9230633, 0.0473626, 0.979679, 0.04355054, 0.9230635, 0.04355054, 0.9796767, 0.03973649, 0.9230621, 0.03973649, 0.9796779, 0.03592337, 0.923063, 0.03592408, 0.979677, 0.03211004, 0.9230649, 0.03210947, 0.979679, 0.02829727, 0.9230638, 0.02829656, 0.979677, 0.02448421, 0.923062, 0.02448492, 0.979679, 0.02067138, 0.9230641, 0.02067138, 0.979679, 0.01685825, 0.9230621, 0.01685825, 0.979676, 0.01304499, 0.9230641, 0.01304577, 0.979679, 0.07024211, 0.9796797, 0.07405431, 0.9230641, 0.07024175, 0.923062, 0.07405466, 0.9796783, 0.06642728, 0.9230633, 0.06642763]]
}