{
  "materials" : 
  [
    { "file" : "./json/space-station/customPillar-fx.json", "start" : 0 }
  ],
  "indices" : [0, 1, 2, 2, 1, 3, 4, 5, 0, 0, 5, 1, 6, 7, 4, 4, 7, 5, 8, 9, 6, 6, 9, 7, 10, 11, 8, 8, 11, 9, 12, 13, 10, 10, 13, 11, 14, 15, 12, 12, 15, 13, 16, 17, 14, 14, 17, 15, 18, 19, 16, 16, 19, 17, 20, 21, 18, 18, 21, 19, 22, 23, 20, 20, 23, 21, 24, 25, 22, 22, 25, 23, 26, 27, 24, 24, 27, 25, 28, 29, 30, 30, 29, 31, 32, 33, 28, 28, 33, 29, 2, 3, 32, 32, 3, 33],
  "vertexPositions" : [[-0.4462376, -1.639709, 1.798019, -0.4462376, -3.308047, 1.798019, -0.5086677, -1.639709, 1.704592, -0.5086677, -3.308047, 1.704592, -0.4243176, -1.639709, 1.908223, -0.4243176, -3.308047, 1.908223, -0.4462376, -1.639709, 2.018428, -0.4462376, -3.308047, 2.018428, -0.5086677, -1.639709, 2.111854, -0.5086677, -3.308047, 2.111854, -0.6020977, -1.639709, 2.17428, -0.6020977, -3.308047, 2.17428, -0.7122977, -1.639709, 2.196201, -0.7122977, -3.308047, 2.196201, -0.8225076, -1.639709, 2.17428, -0.8225076, -3.308047, 2.17428, -0.9159276, -1.639709, 2.111854, -0.9159276, -3.308047, 2.111854, -0.9783578, -1.639709, 2.018427, -0.9783578, -3.308047, 2.018427, -1.000278, -1.639709, 1.908223, -1.000278, -3.308047, 1.908223, -0.9783578, -1.639709, 1.798019, -0.9783578, -3.308047, 1.798019, -0.9159276, -1.639709, 1.704592, -0.9159276, -3.308047, 1.704592, -0.8224976, -1.639709, 1.642166, -0.8224976, -3.308047, 1.642166, -0.7122977, -1.639709, 1.620245, -0.7122977, -3.308047, 1.620245, -0.8224976, -1.639709, 1.642166, -0.8224976, -3.308047, 1.642166, -0.6020977, -1.639709, 1.642166, -0.6020977, -3.308047, 1.642166]],
  "vertexNormals" : [[0.9238752, 0, -0.3826939, 0.9238752, 0, -0.3826939, 0.7070907, 0, -0.7071229, 0.7070907, 0, -0.7071229, 1, 0, 0, 1, 0, 0, 0.9238746, 0, 0.3826954, 0.9238746, 0, 0.3826954, 0.7070889, 0, 0.7071247, 0.7070889, 0, 0.7071247, 0.3826799, 0, 0.9238809, 0.3826799, 0, 0.9238809, 0, 0, 1, 0, 0, 1, -0.3826948, 0, 0.9238749, -0.3826948, 0, 0.9238749, -0.7071082, 0, 0.7071054, -0.7071082, 0, 0.7071054, -0.9238752, 0, 0.3826939, -0.9238752, 0, 0.3826939, -1, 0, 0, -1, 0, 0, -0.9238752, 0, -0.3826939, -0.9238752, 0, -0.3826939, -0.7070907, 0, -0.7071229, -0.7070907, 0, -0.7071229, -0.3826799, 0, -0.9238809, -0.3826799, 0, -0.9238809, 0, 0, -1, 0, 0, -1, -0.3826799, 0, -0.9238809, -0.3826799, 0, -0.9238809, 0.3826799, 0, -0.9238809, 0.3826799, 0, -0.9238809]],
  "vertexTextureCoords" : [[0.9796766, 0.05880089, 0.923061, 0.0588016, 0.9796793, 0.06261572, 0.923063, 0.06261338, 0.9796783, 0.0549894, 0.9230621, 0.05498862, 0.9796804, 0.05117643, 0.923063, 0.05117643, 0.9796773, 0.04736217, 0.9230633, 0.0473626, 0.979679, 0.04355054, 0.9230635, 0.04355054, 0.9796767, 0.03973649, 0.9230621, 0.03973649, 0.9796779, 0.03592337, 0.923063, 0.03592408, 0.979677, 0.03211004, 0.9230649, 0.03210947, 0.979679, 0.02829727, 0.9230638, 0.02829656, 0.979677, 0.02448421, 0.923062, 0.02448492, 0.979679, 0.02067138, 0.9230641, 0.02067138, 0.979679, 0.01685825, 0.9230621, 0.01685825, 0.979676, 0.01304499, 0.9230641, 0.01304577, 0.979679, 0.07024211, 0.9230641, 0.07024175, 0.9796797, 0.07405431, 0.923062, 0.07405466, 0.9796783, 0.06642728, 0.9230633, 0.06642763]]
}