{

  "camera1" :
  {
      "rotateX":
      {
        "type" : "BEZIER",
        "time" : [0, 0.2083333, 0.4166666],
        "ANGLE":
        {
          "pos" : [1.619975, -0.1437631, -1.136701],
          "intan" : [-0.3333333, 1.619975, 0.1388888, 0.9819269, 0.3472222, -1.136701],
          "outtan" : [0.06944441, 1.619975, 0.2777777, -1.269453, 0.75, -1.136701]
        }
      },
      "translate":
      {
        "type" : "BEZIER",
        "time" : [0, 0.2083333, 0.4166666],
        "Y":
        {
          "pos" : [0.7805179, 1.5, 1.5],
          "intan" : [-0.3333333, -0.3706535, 0.1388888, 1.310228, 0.3472222, 1.5],
          "outtan" : [0.06944441, 1.020345, 0.2777777, 1.689772, 0.75, 1.5]
        },
        "X":
        {
          "pos" : [0, 0, 0],
          "intan" : [-0.3333333, 0, 0.1388888, 0, 0.3472222, 0],
          "outtan" : [0.06944441, 0, 0.2777777, 0, 0.75, 0]
        },
        "Z":
        {
          "pos" : [8.349084, 6.888485, 4.418359],
          "intan" : [-0.3333333, 10.68604, 0.1388888, 7.6686, 0.3472222, 5.241734],
          "outtan" : [0.06944441, 7.862217, 0.2777777, 6.10837, 0.75, 0.4661572]
        }
      }
  }
}