{
  "materials" : 
  [
  ],
  "indices" : [0, 1, 2, 0, 3, 1, 3, 0, 4, 4, 5, 3, 4, 6, 5, 7, 5, 6, 8, 6, 9, 10, 6, 4, 6, 11, 7, 12, 13, 6, 12, 6, 8, 14, 6, 10, 15, 6, 14, 6, 16, 11, 17, 9, 6, 6, 15, 17, 18, 16, 6, 6, 13, 18],
  "vertexPositions" : [[-0.3904955, -0.2, 2.941502, 0.3725318, -0.2, 20.91103, -0.3871012, -0.2, 20.92238, 0.3695374, -0.2, 2.9354, -0.4286587, -0.2, 2.118621, 0.4134358, -0.2, 2.120568, -5.80177e-4, -0.2000001, 0.4722952, 1.326089, -0.2, 1.635458, -0.3976236, -0.2, -1.043107, -0.816115, -0.2, -0.7678418, -1.356303, -0.2, 1.609164, 1.810754, -0.2, 0.9595599, 0.4102145, -0.2, -1.043106, 0.827382, -0.2, -0.7678409, -1.819566, -0.2, 0.9792788, -2.007732, -0.2, 0.1240239, 2.014973, -0.2, 0.1240248, -1.651396, -0.2, -0.7037807, 1.660438, -0.2, -0.6446204]]
}